User's manual r01uh0959jj0120-rl78g15; Version 1.00; March 11, 2024
RegisterName,RegisterBookmark,RegisterTableCaption,NumberOfAppearance,ModuleInformation,SearchKey
ADM2,10.3.3 A/Dコンバータ・モード・レジスタ2（ADM2）,図10－6A/Dコンバータ・モード・レジスタ2（ADM2）のフォーマット,,,
ADTYP,10.3.3 A/Dコンバータ・モード・レジスタ2（ADM2）,図10－6A/Dコンバータ・モード・レジスタ2（ADM2）のフォーマット,2,,
ADTES,10.3.7 A/Dテスト・レジスタ（ADTES）,図10－10A/Dテスト・レジスタ（ADTES）のフォーマット,,,
PU0,"4.3.3 プルアップ抵抗オプション・レジスタ0, 2, 4, 12（PU0, PU2, PU4, PU12）","図4－3プルアップ抵抗オプション・レジスタ0,2,4,12（PU0,PU2,PU4,PU12）のフォーマット",,,
PU2,"4.3.3 プルアップ抵抗オプション・レジスタ0, 2, 4, 12（PU0, PU2, PU4, PU12）","図4－3プルアップ抵抗オプション・レジスタ0,2,4,12（PU0,PU2,PU4,PU12）のフォーマット",,,
PU4,"4.3.3 プルアップ抵抗オプション・レジスタ0, 2, 4, 12（PU0, PU2, PU4, PU12）","図4－3プルアップ抵抗オプション・レジスタ0,2,4,12（PU0,PU2,PU4,PU12）のフォーマット",,,
PU12,"4.3.3 プルアップ抵抗オプション・レジスタ0, 2, 4, 12（PU0, PU2, PU4, PU12）","図4－3プルアップ抵抗オプション・レジスタ0,2,4,12（PU0,PU2,PU4,PU12）のフォーマット",,,
POM0,"4.3.4 ポート出力モード・レジスタ0, 2, 4（POM0, POM2, POM4）","図4－4ポート出力モード・レジスタ0,2,4（POM0,POM2,POM4）のフォーマット",,,
POM2,"4.3.4 ポート出力モード・レジスタ0, 2, 4（POM0, POM2, POM4）","図4－4ポート出力モード・レジスタ0,2,4（POM0,POM2,POM4）のフォーマット",,,
POM4,"4.3.4 ポート出力モード・レジスタ0, 2, 4（POM0, POM2, POM4）","図4－4ポート出力モード・レジスタ0,2,4（POM0,POM2,POM4）のフォーマット",,,
PMC0,"4.3.5 ポート・モード・コントロール・レジスタ0, 2（PMC0, PMC2）","図4－5ポート・モード・コントロール・レジスタ0,2（PMC0,PMC2）のフォーマット",,,
PMC2,"4.3.5 ポート・モード・コントロール・レジスタ0, 2（PMC0, PMC2）","図4－5ポート・モード・コントロール・レジスタ0,2（PMC0,PMC2）のフォーマット",,,
NFEN0,12.3.15 ノイズ・フィルタ許可レジスタ0（NFEN0）,図12－18ノイズ・フィルタ許可レジスタ0（NFEN0）のフォーマット,,,
NFEN1,6.3.13 ノイズ・フィルタ許可レジスタ1（NFEN1）,図6－21ノイズ・フィルタ許可レジスタ1（NFEN1）のフォーマット（1/2）,,,
ISC,6.3.12 入力切り替え制御レジスタ（ISC）,図6－20入力切り替え制御レジスタ（ISC）のフォーマット,,タイマ・アレイ・ユニット,
ISC,12.3.14 入力切り替え制御レジスタ（ISC）,図12－17入力切り替え制御レジスタ（ISC）のフォーマット,,シリアル・アレイ・ユニット,
PIOR2,4.3.6 周辺I/Oリダイレクション・レジスタ0-3（PIOR0-3）,図4－6周辺I/Oリダイレクション・レジスタ0-3（PIOR0-3）のフォーマット,,,
PIOR0,4.3.6 周辺I/Oリダイレクション・レジスタ0-3（PIOR0-3）,図4－6周辺I/Oリダイレクション・レジスタ0-3（PIOR0-3）のフォーマット,,,
PIOR1,4.3.6 周辺I/Oリダイレクション・レジスタ0-3（PIOR0-3）,図4－6周辺I/Oリダイレクション・レジスタ0-3（PIOR0-3）のフォーマット,,,
PIOR3,4.3.6 周辺I/Oリダイレクション・レジスタ0-3（PIOR0-3）,図4－6周辺I/Oリダイレクション・レジスタ0-3（PIOR0-3）のフォーマット,,,
HIOTRM,5.3.9 高速オンチップ・オシレータ・トリミング・レジスタ（HIOTRM）,図5－10高速オンチップ・オシレータ・トリミング・レジスタ（HIOTRM）のフォーマット,,,
HOCODIV,5.3.8 高速オンチップ・オシレータ周波数選択レジスタ（HOCODIV）,図5－9高速オンチップ・オシレータ周波数選択レジスタ（HOCODIV）のフォーマット,,,
FSSET,19.6.1.5 フラッシュ・メモリ・シーケンサ初期設定レジスタ（FSSET）,図19－12フラッシュ・メモリ・シーケンサ初期設定レジスタ（FSSET）のフォーマット,,,
FLPMC,19.6.1.4 フラッシュ・プログラミング・モード・コントロール・レジスタ（FLPMC）,図19－11フラッシュ・プログラミング・モード・コントロール・レジスタ（FLPMC）のフォーマット,,,
FSSQ,19.6.1.6 フラッシュ・メモリ・シーケンサ制御レジスタ（FSSQ）,図19－13フラッシュ・メモリ・シーケンサ制御レジスタ（FSSQ）のフォーマット,,,
FLAPL,"19.6.1.1 フラッシュ・アドレス・ポインタ・レジスタ H, L（FLAPH／FLAPL）","図19－8フラッシュ・アドレス・ポインタ・レジスタH,L（FLAPH,FLAPL）のフォーマット",,,
FLAPH,"19.6.1.1 フラッシュ・アドレス・ポインタ・レジスタ H, L（FLAPH／FLAPL）","図19－8フラッシュ・アドレス・ポインタ・レジスタH,L（FLAPH,FLAPL）のフォーマット",,,
FLSEDL,"19.6.1.2 フラッシュ・エンド・アドレス指定レジスタ H, L（FLSEDH／FLSEDL）","図19－9フラッシュ・エンド・アドレス指定レジスタH,L（FLSEDH,FLSEDL）のフォーマット",,,
FLSEDH,"19.6.1.2 フラッシュ・エンド・アドレス指定レジスタ H, L（FLSEDH／FLSEDL）","図19－9フラッシュ・エンド・アドレス指定レジスタH,L（FLSEDH,FLSEDL）のフォーマット",,,
FSASTL,"19.6.1.7 フラッシュ・メモリ・シーケンサ・ステータス・レジスタ H, L（FSASTH／FSASTL）","図19－14フラッシュ・メモリ・シーケンサ・ステータス・レジスタH,L（FSASTH,FSASTL）のフォーマット",,,
FSASTH,"19.6.1.7 フラッシュ・メモリ・シーケンサ・ステータス・レジスタ H, L（FSASTH／FSASTL）","図19－14フラッシュ・メモリ・シーケンサ・ステータス・レジスタH,L（FSASTH,FSASTL）のフォーマット",,,
FLWLL,"19.6.1.3 フラッシュ・ライト・バッファ・レジスタ HH, HL, LH, LL（FLWHH／FLWHL／FLWLH／FLWLL）","図19－10フラッシュ・ライト・バッファ・レジスタHH,HL,LH,LL（FLWHH,FLWHL,FLWLH,FLWLL）",,,
FLWLH,"19.6.1.3 フラッシュ・ライト・バッファ・レジスタ HH, HL, LH, LL（FLWHH／FLWHL／FLWLH／FLWLL）","図19－10フラッシュ・ライト・バッファ・レジスタHH,HL,LH,LL（FLWHH,FLWHL,FLWLH,FLWLL）",,,
FLWHL,"19.6.1.3 フラッシュ・ライト・バッファ・レジスタ HH, HL, LH, LL（FLWHH／FLWHL／FLWLH／FLWLL）","図19－10フラッシュ・ライト・バッファ・レジスタHH,HL,LH,LL（FLWHH,FLWHL,FLWLH,FLWLL）",,,
FLWHH,"19.6.1.3 フラッシュ・ライト・バッファ・レジスタ HH, HL, LH, LL（FLWHH／FLWHL／FLWLH／FLWLL）","図19－10フラッシュ・ライト・バッファ・レジスタHH,HL,LH,LL（FLWHH,FLWHL,FLWLH,FLWLL）",,,
PER0,5.3.6 周辺イネーブル・レジスタ0（PER0）,図5－7周辺イネーブル・レジスタ0（PER0）のフォーマット（1/2）,,クロック発生回路,
TAU0EN,5.3.6 周辺イネーブル・レジスタ0（PER0）,図5－7周辺イネーブル・レジスタ0（PER0）のフォーマット（1/2）,3,クロック発生回路,
SAU0EN,5.3.6 周辺イネーブル・レジスタ0（PER0）,図5－7周辺イネーブル・レジスタ0（PER0）のフォーマット（1/2）,3,クロック発生回路,
IICA0EN,5.3.6 周辺イネーブル・レジスタ0（PER0）,図5－7周辺イネーブル・レジスタ0（PER0）のフォーマット（1/2）,3,クロック発生回路,
ADCEN,5.3.6 周辺イネーブル・レジスタ0（PER0）,図5－7周辺イネーブル・レジスタ0（PER0）のフォーマット（1/2）,2,クロック発生回路,
CMPEN,5.3.6 周辺イネーブル・レジスタ0（PER0）,図5－7周辺イネーブル・レジスタ0（PER0）のフォーマット（1/2）,2,クロック発生回路,
TMKAEN,5.3.6 周辺イネーブル・レジスタ0（PER0）,図5－7周辺イネーブル・レジスタ0（PER0）のフォーマット（1/2）,2,クロック発生回路,
PER0,6.3.1 周辺イネーブル・レジスタ0（PER0）,図6－9周辺イネーブル・レジスタ0（PER0）のフォーマット,,タイマ・アレイ・ユニット,
TAU0EN,6.3.1 周辺イネーブル・レジスタ0（PER0）,図6－9周辺イネーブル・レジスタ0（PER0）のフォーマット,2,タイマ・アレイ・ユニット,
PER0,7.3.1 周辺イネーブル・レジスタ0（PER0）,図7－2周辺イネーブル・レジスタ0（PER0）のフォーマット,,12ビット・インターバル・タイマ,
TMKAEN,7.3.1 周辺イネーブル・レジスタ0（PER0）,図7－2周辺イネーブル・レジスタ0（PER0）のフォーマット,2,12ビット・インターバル・タイマ,
PER0,10.3.1 周辺イネーブル・レジスタ0（PER0）,図10－2周辺イネーブル・レジスタ0（PER0）のフォーマット,,A/Dコンバータ,
ADCEN,10.3.1 周辺イネーブル・レジスタ0（PER0）,図10－2周辺イネーブル・レジスタ0（PER0）のフォーマット,2,A/Dコンバータ,
PER0,11.3.1 周辺イネーブル・レジスタ0（PER0）,図11－2周辺イネーブル・レジスタ0（PER0）のフォーマット,,コンパレータ,
CMPEN,11.3.1 周辺イネーブル・レジスタ0（PER0）,図11－2周辺イネーブル・レジスタ0（PER0）のフォーマット,2,コンパレータ,
PER0,12.3.1 周辺イネーブル・レジスタ0（PER0）,図12－3周辺イネーブル・レジスタ0（PER0）のフォーマット,,シリアル・アレイ・ユニット,
SAU0EN,12.3.1 周辺イネーブル・レジスタ0（PER0）,図12－3周辺イネーブル・レジスタ0（PER0）のフォーマット,1,シリアル・アレイ・ユニット,SAUmEN
PER0,13.3.1 周辺イネーブル・レジスタ0（PER0）,図13－5周辺イネーブル・レジスタ0（PER0）のフォーマット,,シリアル・インタフェースIICA,
IICA0EN,13.3.1 周辺イネーブル・レジスタ0（PER0）,図13－5周辺イネーブル・レジスタ0（PER0）のフォーマット,2,シリアル・インタフェースIICA,
OSMC,5.3.7 動作スピード・モード制御レジスタ（OSMC）,図5－8動作スピード・モード制御レジスタ（OSMC）のフォーマット,,クロック発生回路,
OSMC,7.3.2 動作スピード・モード制御レジスタ（OSMC）,図7－3動作スピード・モード制御レジスタ（OSMC）のフォーマット,,12ビット・インターバル・タイマ,
BCDADJ,21.2.1 BCD補正結果レジスタ（BCDADJ）,図21－1BCD補正結果レジスタ（BCDADJ）のフォーマット,,,
SSR00,12.3.7 シリアル・ステータス・レジスタmn（SSRmn）,図12－9シリアル・ステータス・レジスタmn（SSRmn）のフォーマット（1/2）,,,
SSR00L,12.3.7 シリアル・ステータス・レジスタmn（SSRmn）,図12－9シリアル・ステータス・レジスタmn（SSRmn）のフォーマット（1/2）,,,
SSR01,12.3.7 シリアル・ステータス・レジスタmn（SSRmn）,図12－9シリアル・ステータス・レジスタmn（SSRmn）のフォーマット（1/2）,,,
SSR01L,12.3.7 シリアル・ステータス・レジスタmn（SSRmn）,図12－9シリアル・ステータス・レジスタmn（SSRmn）のフォーマット（1/2）,,,
SIR00,12.3.6 シリアル・フラグ・クリア・トリガ・レジスタmn（SIRmn）,図12－8シリアル・フラグ・クリア・トリガ・レジスタmn（SIRmn）のフォーマット,,,
SIR00L,12.3.6 シリアル・フラグ・クリア・トリガ・レジスタmn（SIRmn）,図12－8シリアル・フラグ・クリア・トリガ・レジスタmn（SIRmn）のフォーマット,,,
SIR01,12.3.6 シリアル・フラグ・クリア・トリガ・レジスタmn（SIRmn）,図12－8シリアル・フラグ・クリア・トリガ・レジスタmn（SIRmn）のフォーマット,,,
SIR01L,12.3.6 シリアル・フラグ・クリア・トリガ・レジスタmn（SIRmn）,図12－8シリアル・フラグ・クリア・トリガ・レジスタmn（SIRmn）のフォーマット,,,
SMR00,12.3.3 シリアル・モード・レジスタmn（SMRmn）,図12－5シリアル・モード・レジスタmn（SMRmn）のフォーマット（1/2）,,,
SMR01,12.3.3 シリアル・モード・レジスタmn（SMRmn）,図12－5シリアル・モード・レジスタmn（SMRmn）のフォーマット（1/2）,,,
SCR00,12.3.4 シリアル通信動作設定レジスタmn（SCRmn）,図12－6シリアル通信動作設定レジスタmn（SCRmn）のフォーマット（1/2）,,,
SCR01,12.3.4 シリアル通信動作設定レジスタmn（SCRmn）,図12－6シリアル通信動作設定レジスタmn（SCRmn）のフォーマット（1/2）,,,
SE0,12.3.10 シリアル・チャネル許可ステータス・レジスタm（SEm）,図12－12シリアル・チャネル許可ステータス・レジスタm（SEm）のフォーマット,,,
SE0L,12.3.10 シリアル・チャネル許可ステータス・レジスタm（SEm）,図12－12シリアル・チャネル許可ステータス・レジスタm（SEm）のフォーマット,,,
SS0,12.3.8 シリアル・チャネル開始レジスタm（SSm）,図12－10シリアル・チャネル開始レジスタm（SSm）のフォーマット,,,
SS0L,12.3.8 シリアル・チャネル開始レジスタm（SSm）,図12－10シリアル・チャネル開始レジスタm（SSm）のフォーマット,,,
ST0,12.3.9 シリアル・チャネル停止レジスタm（STm）,図12－11シリアル・チャネル停止レジスタm（STm）のフォーマット,,,
ST0L,12.3.9 シリアル・チャネル停止レジスタm（STm）,図12－11シリアル・チャネル停止レジスタm（STm）のフォーマット,,,
SPS0,12.3.2 シリアル・クロック選択レジスタm（SPSm）,図12－4シリアル・クロック選択レジスタm（SPSm）のフォーマット,,,
SPS0L,12.3.2 シリアル・クロック選択レジスタm（SPSm）,図12－4シリアル・クロック選択レジスタm（SPSm）のフォーマット,,,
SO0,12.3.12 シリアル出力レジスタm（SOm）,図12－14シリアル出力レジスタm（SOm）のフォーマット,,,
SOE0,12.3.11 シリアル出力許可レジスタm（SOEm）,図12－13シリアル出力許可レジスタm（SOEm）のフォーマット,,,
SOE0L,12.3.11 シリアル出力許可レジスタm（SOEm）,図12－13シリアル出力許可レジスタm（SOEm）のフォーマット,,,
SOL0,12.3.13 シリアル出力レベル・レジスタm（SOLm）,図12－15シリアル出力レベル・レジスタm（SOLm）のフォーマット,,,
SOL0L,12.3.13 シリアル出力レベル・レジスタm（SOLm）,図12－15シリアル出力レベル・レジスタm（SOLm）のフォーマット,,,
TCR00,6.2.1 タイマ・カウンタ・レジスタmn（TCRmn）,図6－6タイマ・カウンタ・レジスタmn（TCRmn）のフォーマット,,,
TCR01,6.2.1 タイマ・カウンタ・レジスタmn（TCRmn）,図6－6タイマ・カウンタ・レジスタmn（TCRmn）のフォーマット,,,
TCR02,6.2.1 タイマ・カウンタ・レジスタmn（TCRmn）,図6－6タイマ・カウンタ・レジスタmn（TCRmn）のフォーマット,,,
TCR03,6.2.1 タイマ・カウンタ・レジスタmn（TCRmn）,図6－6タイマ・カウンタ・レジスタmn（TCRmn）のフォーマット,,,
TCR04,6.2.1 タイマ・カウンタ・レジスタmn（TCRmn）,図6－6タイマ・カウンタ・レジスタmn（TCRmn）のフォーマット,,,
TCR05,6.2.1 タイマ・カウンタ・レジスタmn（TCRmn）,図6－6タイマ・カウンタ・レジスタmn（TCRmn）のフォーマット,,,
TCR06,6.2.1 タイマ・カウンタ・レジスタmn（TCRmn）,図6－6タイマ・カウンタ・レジスタmn（TCRmn）のフォーマット,,,
TCR07,6.2.1 タイマ・カウンタ・レジスタmn（TCRmn）,図6－6タイマ・カウンタ・レジスタmn（TCRmn）のフォーマット,,,
TMR00,6.3.3 タイマ・モード・レジスタmn（TMRmn）,図6－11タイマ・モード・レジスタmn（TMRmn）のフォーマット（1/5）,,,
TMR01,6.3.3 タイマ・モード・レジスタmn（TMRmn）,図6－11タイマ・モード・レジスタmn（TMRmn）のフォーマット（1/5）,,,
TMR02,6.3.3 タイマ・モード・レジスタmn（TMRmn）,図6－11タイマ・モード・レジスタmn（TMRmn）のフォーマット（1/5）,,,
TMR03,6.3.3 タイマ・モード・レジスタmn（TMRmn）,図6－11タイマ・モード・レジスタmn（TMRmn）のフォーマット（1/5）,,,
TMR04,6.3.3 タイマ・モード・レジスタmn（TMRmn）,図6－11タイマ・モード・レジスタmn（TMRmn）のフォーマット（1/5）,,,
TMR05,6.3.3 タイマ・モード・レジスタmn（TMRmn）,図6－11タイマ・モード・レジスタmn（TMRmn）のフォーマット（1/5）,,,
TMR06,6.3.3 タイマ・モード・レジスタmn（TMRmn）,図6－11タイマ・モード・レジスタmn（TMRmn）のフォーマット（1/5）,,,
TMR07,6.3.3 タイマ・モード・レジスタmn（TMRmn）,図6－11タイマ・モード・レジスタmn（TMRmn）のフォーマット（1/5）,,,
TSR00,6.3.4 タイマ・ステータス・レジスタmn（TSRmn）,図6－12タイマ・ステータス・レジスタmn（TSRmn）のフォーマット,,,
TSR00L,6.3.4 タイマ・ステータス・レジスタmn（TSRmn）,図6－12タイマ・ステータス・レジスタmn（TSRmn）のフォーマット,,,
TSR01,6.3.4 タイマ・ステータス・レジスタmn（TSRmn）,図6－12タイマ・ステータス・レジスタmn（TSRmn）のフォーマット,,,
TSR01L,6.3.4 タイマ・ステータス・レジスタmn（TSRmn）,図6－12タイマ・ステータス・レジスタmn（TSRmn）のフォーマット,,,
TSR02,6.3.4 タイマ・ステータス・レジスタmn（TSRmn）,図6－12タイマ・ステータス・レジスタmn（TSRmn）のフォーマット,,,
TSR02L,6.3.4 タイマ・ステータス・レジスタmn（TSRmn）,図6－12タイマ・ステータス・レジスタmn（TSRmn）のフォーマット,,,
TSR03,6.3.4 タイマ・ステータス・レジスタmn（TSRmn）,図6－12タイマ・ステータス・レジスタmn（TSRmn）のフォーマット,,,
TSR03L,6.3.4 タイマ・ステータス・レジスタmn（TSRmn）,図6－12タイマ・ステータス・レジスタmn（TSRmn）のフォーマット,,,
TSR04,6.3.4 タイマ・ステータス・レジスタmn（TSRmn）,図6－12タイマ・ステータス・レジスタmn（TSRmn）のフォーマット,,,
TSR04L,6.3.4 タイマ・ステータス・レジスタmn（TSRmn）,図6－12タイマ・ステータス・レジスタmn（TSRmn）のフォーマット,,,
TSR05,6.3.4 タイマ・ステータス・レジスタmn（TSRmn）,図6－12タイマ・ステータス・レジスタmn（TSRmn）のフォーマット,,,
TSR05L,6.3.4 タイマ・ステータス・レジスタmn（TSRmn）,図6－12タイマ・ステータス・レジスタmn（TSRmn）のフォーマット,,,
TSR06,6.3.4 タイマ・ステータス・レジスタmn（TSRmn）,図6－12タイマ・ステータス・レジスタmn（TSRmn）のフォーマット,,,
TSR06L,6.3.4 タイマ・ステータス・レジスタmn（TSRmn）,図6－12タイマ・ステータス・レジスタmn（TSRmn）のフォーマット,,,
TSR07,6.3.4 タイマ・ステータス・レジスタmn（TSRmn）,図6－12タイマ・ステータス・レジスタmn（TSRmn）のフォーマット,,,
TSR07L,6.3.4 タイマ・ステータス・レジスタmn（TSRmn）,図6－12タイマ・ステータス・レジスタmn（TSRmn）のフォーマット,,,
TE0,6.3.5 タイマ・チャネル許可ステータス・レジスタm（TEm）,図6－13タイマ・チャネル許可ステータス・レジスタm（TEm）のフォーマット,,,
TE0L,6.3.5 タイマ・チャネル許可ステータス・レジスタm（TEm）,図6－13タイマ・チャネル許可ステータス・レジスタm（TEm）のフォーマット,,,
TS0,6.3.6 タイマ・チャネル開始レジスタm（TSm）,図6－14タイマ・チャネル開始レジスタm（TSm）のフォーマット,,,
TS0L,6.3.6 タイマ・チャネル開始レジスタm（TSm）,図6－14タイマ・チャネル開始レジスタm（TSm）のフォーマット,,,
TT0,6.3.7 タイマ・チャネル停止レジスタm（TTm）,図6－15タイマ・チャネル停止レジスタm（TTm）のフォーマット,,,
TT0L,6.3.7 タイマ・チャネル停止レジスタm（TTm）,図6－15タイマ・チャネル停止レジスタm（TTm）のフォーマット,,,
TPS0,6.3.2 タイマ・クロック選択レジスタm（TPSm）,図6－10タイマ・クロック選択レジスタm（TPSm）のフォーマット（1/2）,,,
TO0,6.3.9 タイマ出力レジスタm（TOm）,図6－17タイマ出力レジスタm（TOm）のフォーマット,,,
TO0L,6.3.9 タイマ出力レジスタm（TOm）,図6－17タイマ出力レジスタm（TOm）のフォーマット,,,
TOE0,6.3.8 タイマ出力許可レジスタm（TOEm）,図6－16タイマ出力許可レジスタm（TOEm）のフォーマット,,,
TOE0L,6.3.8 タイマ出力許可レジスタm（TOEm）,図6－16タイマ出力許可レジスタm（TOEm）のフォーマット,,,
TOL0,6.3.10 タイマ出力レベル・レジスタm（TOLm）,図6－18タイマ出力レベル・レジスタm（TOLm）のフォーマット,,,
TOL0L,6.3.10 タイマ出力レベル・レジスタm（TOLm）,図6－18タイマ出力レベル・レジスタm（TOLm）のフォーマット,,,
TOM0,6.3.11 タイマ出力モード・レジスタm（TOMm）,図6－19タイマ出力モード・レジスタm（TOMm）のフォーマット,,,
TOM0L,6.3.11 タイマ出力モード・レジスタm（TOMm）,図6－19タイマ出力モード・レジスタm（TOMm）のフォーマット,,,
IICCTL00,13.3.2 IICAコントロール・レジスタ00（IICCTL00）,図13－6IICAコントロール・レジスタ00（IICCTL00）のフォーマット（1/4）,,,
SPT0,13.3.2 IICAコントロール・レジスタ00（IICCTL00）,図13－6IICAコントロール・レジスタ00（IICCTL00）のフォーマット（4/4）,1,,
STT0,13.3.2 IICAコントロール・レジスタ00（IICCTL00）,図13－6IICAコントロール・レジスタ00（IICCTL00）のフォーマット（3/4）,1,,
ACKE0,13.3.2 IICAコントロール・レジスタ00（IICCTL00）,図13－6IICAコントロール・レジスタ00（IICCTL00）のフォーマット（2/4）,1,,
WTIM0,13.3.2 IICAコントロール・レジスタ00（IICCTL00）,図13－6IICAコントロール・レジスタ00（IICCTL00）のフォーマット（2/4）,1,,
SPIE0,13.3.2 IICAコントロール・レジスタ00（IICCTL00）,図13－6IICAコントロール・レジスタ00（IICCTL00）のフォーマット（2/4）,1,,
WREL0,13.3.2 IICAコントロール・レジスタ00（IICCTL00）,図13－6IICAコントロール・レジスタ00（IICCTL00）のフォーマット（2/4）,1,,
LREL0,13.3.2 IICAコントロール・レジスタ00（IICCTL00）,図13－6IICAコントロール・レジスタ00（IICCTL00）のフォーマット（1/4）,2,,
IICE0,13.3.2 IICAコントロール・レジスタ00（IICCTL00）,図13－6IICAコントロール・レジスタ00（IICCTL00）のフォーマット（1/4）,2,,
IICCTL01,13.3.5 IICAコントロール・レジスタ01（IICCTL01）,図13－9IICAコントロール・レジスタ01（IICCTL01）のフォーマット（1/2）,,,
DFC0,13.3.5 IICAコントロール・レジスタ01（IICCTL01）,図13－9IICAコントロール・レジスタ01（IICCTL01）のフォーマット（2/2）,1,,
SMC0,13.3.5 IICAコントロール・レジスタ01（IICCTL01）,図13－9IICAコントロール・レジスタ01（IICCTL01）のフォーマット（2/2）,1,,
DAD0,13.3.5 IICAコントロール・レジスタ01（IICCTL01）,図13－9IICAコントロール・レジスタ01（IICCTL01）のフォーマット（2/2）,1,,
CLD0,13.3.5 IICAコントロール・レジスタ01（IICCTL01）,図13－9IICAコントロール・レジスタ01（IICCTL01）のフォーマット（2/2）,1,,
WUP0,13.3.5 IICAコントロール・レジスタ01（IICCTL01）,図13－9IICAコントロール・レジスタ01（IICCTL01）のフォーマット（1/2）,2,,
IICWL0,13.3.6 IICAロウ・レベル幅設定レジスタ0（IICWL0）,図13－10IICAロウ・レベル幅設定レジスタ0（IICWL0）のフォーマット,,,
IICWH0,13.3.7 IICAハイ・レベル幅設定レジスタ0（IICWH0）,図13－11IICAハイ・レベル幅設定レジスタ0（IICWH0）のフォーマット,,,
SVA0,13.2 シリアル・インタフェースIICAの構成,図13－4スレーブ・アドレス・レジスタ0（SVA0）のフォーマット,,,
P0,"4.3.2 ポート・レジスタ0, 2, 4, 12, 13（P0, P2, P4, P12, P13）","図4－2ポート・レジスタ0,2,4,12,13（P0,P2,P4,P12,P13）のフォーマット",,,
P2,"4.3.2 ポート・レジスタ0, 2, 4, 12, 13（P0, P2, P4, P12, P13）","図4－2ポート・レジスタ0,2,4,12,13（P0,P2,P4,P12,P13）のフォーマット",,,
P4,"4.3.2 ポート・レジスタ0, 2, 4, 12, 13（P0, P2, P4, P12, P13）","図4－2ポート・レジスタ0,2,4,12,13（P0,P2,P4,P12,P13）のフォーマット",,,
P12,"4.3.2 ポート・レジスタ0, 2, 4, 12, 13（P0, P2, P4, P12, P13）","図4－2ポート・レジスタ0,2,4,12,13（P0,P2,P4,P12,P13）のフォーマット",,,
P13,"4.3.2 ポート・レジスタ0, 2, 4, 12, 13（P0, P2, P4, P12, P13）","図4－2ポート・レジスタ0,2,4,12,13（P0,P2,P4,P12,P13）のフォーマット",,,
SDR00,12.3.5 シリアル・データ・レジスタmn（SDRmn）,図12－7シリアル・データ・レジスタmn（SDRmn）のフォーマット,,,
SIO00,12.3.5 シリアル・データ・レジスタmn（SDRmn）,図12－7シリアル・データ・レジスタmn（SDRmn）のフォーマット,,,
TXD0,12.3.5 シリアル・データ・レジスタmn（SDRmn）,図12－7シリアル・データ・レジスタmn（SDRmn）のフォーマット,,,
SDR01,12.3.5 シリアル・データ・レジスタmn（SDRmn）,図12－7シリアル・データ・レジスタmn（SDRmn）のフォーマット,,,
RXD0,12.3.5 シリアル・データ・レジスタmn（SDRmn）,図12－7シリアル・データ・レジスタmn（SDRmn）のフォーマット,,,
SIO01,12.3.5 シリアル・データ・レジスタmn（SDRmn）,図12－7シリアル・データ・レジスタmn（SDRmn）のフォーマット,,,
TDR00,6.2.2 タイマ・データ・レジスタmn（TDRmn）,"図6－7タイマ・データ・レジスタmn（TDRmn）（n＝0,2,4-7）のフォーマット",,,
TDR01,6.2.2 タイマ・データ・レジスタmn（TDRmn）,"図6－8タイマ・データ・レジスタmn（TDRmn）（n＝1,3）のフォーマット",,,
TDR01L,6.2.2 タイマ・データ・レジスタmn（TDRmn）,"図6－8タイマ・データ・レジスタmn（TDRmn）（n＝1,3）のフォーマット",,,
TDR01H,6.2.2 タイマ・データ・レジスタmn（TDRmn）,"図6－8タイマ・データ・レジスタmn（TDRmn）（n＝1,3）のフォーマット",,,
ADCR,10.3.4 10ビットA/D変換結果レジスタ（ADCR）,図10－710ビット分解能の場合のA/D変換結果の格納,,,
ADCRH,10.3.5 8ビットA/D変換結果レジスタ（ADCRH）,図10－88ビットA/D変換結果レジスタ（ADCRH）のフォーマット,,,
PM0,"4.3.1 ポート・モード・レジスタ0, 2, 4, 12（PM0, PM2, PM4, PM12）","図4－1ポート・モード・レジスタ0,2,4,12（PM0,PM2,PM4,PM12）のフォーマット",,,
PM2,"4.3.1 ポート・モード・レジスタ0, 2, 4, 12（PM0, PM2, PM4, PM12）","図4－1ポート・モード・レジスタ0,2,4,12（PM0,PM2,PM4,PM12）のフォーマット",,,
PM4,"4.3.1 ポート・モード・レジスタ0, 2, 4, 12（PM0, PM2, PM4, PM12）","図4－1ポート・モード・レジスタ0,2,4,12（PM0,PM2,PM4,PM12）のフォーマット",,,
PM12,"4.3.1 ポート・モード・レジスタ0, 2, 4, 12（PM0, PM2, PM4, PM12）","図4－1ポート・モード・レジスタ0,2,4,12（PM0,PM2,PM4,PM12）のフォーマット",,,
ADM0,10.3.2 A/Dコンバータ・モード・レジスタ0（ADM0）,図10－3A/Dコンバータ・モード・レジスタ0（ADM0）のフォーマット,,,
ADCE,10.3.2 A/Dコンバータ・モード・レジスタ0（ADM0）,図10－3A/Dコンバータ・モード・レジスタ0（ADM0）のフォーマット,3,,
ADCS,10.3.2 A/Dコンバータ・モード・レジスタ0（ADM0）,図10－3A/Dコンバータ・モード・レジスタ0（ADM0）のフォーマット,2,,
ADS,10.3.6 アナログ入力チャネル指定レジスタ（ADS）,図10－9アナログ入力チャネル指定レジスタ（ADS）のフォーマット,,,
EGP0,14.3.4 外部割り込み立ち上がりエッジ許可レジスタ（EGP0）、外部割り込み立ち下がりエッジ許可レジスタ（EGN0）,図14－5外部割り込み立ち上がりエッジ許可レジスタ（EGP0）、外部割り込み立ち下がりエッジ許可レジスタ（EGN0）のフォーマット,,,
EGN0,14.3.4 外部割り込み立ち上がりエッジ許可レジスタ（EGP0）、外部割り込み立ち下がりエッジ許可レジスタ（EGN0）,図14－5外部割り込み立ち上がりエッジ許可レジスタ（EGP0）、外部割り込み立ち下がりエッジ許可レジスタ（EGN0）のフォーマット,,,
IICA0,13.2 シリアル・インタフェースIICAの構成,図13－3IICAシフト・レジスタ0（IICA0）のフォーマット,,,
IICS0,13.3.3 IICAステータス・レジスタ0（IICS0）,図13－7IICAステータス・レジスタ0（IICS0）のフォーマット（1/3）,,,
SPD0,13.3.3 IICAステータス・レジスタ0（IICS0）,図13－7IICAステータス・レジスタ0（IICS0）のフォーマット（3/3）,1,,
STD0,13.3.3 IICAステータス・レジスタ0（IICS0）,図13－7IICAステータス・レジスタ0（IICS0）のフォーマット（3/3）,1,,
ACKD0,13.3.3 IICAステータス・レジスタ0（IICS0）,図13－7IICAステータス・レジスタ0（IICS0）のフォーマット（3/3）,1,,
TRC0,13.3.3 IICAステータス・レジスタ0（IICS0）,図13－7IICAステータス・レジスタ0（IICS0）のフォーマット（2/3）,1,,
COI0,13.3.3 IICAステータス・レジスタ0（IICS0）,図13－7IICAステータス・レジスタ0（IICS0）のフォーマット（2/3）,1,,
EXC0,13.3.3 IICAステータス・レジスタ0（IICS0）,図13－7IICAステータス・レジスタ0（IICS0）のフォーマット（2/3）,1,,
ALD0,13.3.3 IICAステータス・レジスタ0（IICS0）,図13－7IICAステータス・レジスタ0（IICS0）のフォーマット（1/3）,3,,
MSTS0,13.3.3 IICAステータス・レジスタ0（IICS0）,図13－7IICAステータス・レジスタ0（IICS0）のフォーマット（1/3）,2,,
IICF0,13.3.4 IICAフラグ・レジスタ0（IICF0）,図13－8IICAフラグ・レジスタ0（IICF0）のフォーマット（1/2）,,,
IICRSV0,13.3.4 IICAフラグ・レジスタ0（IICF0）,図13－8IICAフラグ・レジスタ0（IICF0）のフォーマット（2/2）,1,,
STCEN0,13.3.4 IICAフラグ・レジスタ0（IICF0）,図13－8IICAフラグ・レジスタ0（IICF0）のフォーマット（1/2）,5,,
IICBSY0,13.3.4 IICAフラグ・レジスタ0（IICF0）,図13－8IICAフラグ・レジスタ0（IICF0）のフォーマット（1/2）,2,,
STCF0,13.3.4 IICAフラグ・レジスタ0（IICF0）,図13－8IICAフラグ・レジスタ0（IICF0）のフォーマット（1/2）,2,,
COMPMDR,11.3.2 コンパレータモード設定レジスタ（COMPMDR）,図11－3コンパレータモード設定レジスタ（COMPMDR）のフォーマット,,,
C0ENB,11.3.2 コンパレータモード設定レジスタ（COMPMDR）,図11－3コンパレータモード設定レジスタ（COMPMDR）のフォーマット,2,,
C0MON,11.3.2 コンパレータモード設定レジスタ（COMPMDR）,図11－3コンパレータモード設定レジスタ（COMPMDR）のフォーマット,2,,
C1ENB,11.3.2 コンパレータモード設定レジスタ（COMPMDR）,図11－3コンパレータモード設定レジスタ（COMPMDR）のフォーマット,2,,
C1MON,11.3.2 コンパレータモード設定レジスタ（COMPMDR）,図11－3コンパレータモード設定レジスタ（COMPMDR）のフォーマット,2,,
COMPFIR,11.3.3 コンパレータフィルタ制御レジスタ（COMPFIR）,図11－4コンパレータフィルタ制御レジスタ（COMPFIR）のフォーマット,,,
COMPOCR,11.3.4 コンパレータ出力制御レジスタ（COMPOCR）,図11－5コンパレータ出力制御レジスタ（COMPOCR）のフォーマット,,,
C0IE,11.3.4 コンパレータ出力制御レジスタ（COMPOCR）,図11－5コンパレータ出力制御レジスタ（COMPOCR）のフォーマット,2,,
C0OE,11.3.4 コンパレータ出力制御レジスタ（COMPOCR）,図11－5コンパレータ出力制御レジスタ（COMPOCR）のフォーマット,2,,
C0OP,11.3.4 コンパレータ出力制御レジスタ（COMPOCR）,図11－5コンパレータ出力制御レジスタ（COMPOCR）のフォーマット,2,,
C1IE,11.3.4 コンパレータ出力制御レジスタ（COMPOCR）,図11－5コンパレータ出力制御レジスタ（COMPOCR）のフォーマット,2,,
C1OE,11.3.4 コンパレータ出力制御レジスタ（COMPOCR）,図11－5コンパレータ出力制御レジスタ（COMPOCR）のフォーマット,2,,
C1OP,11.3.4 コンパレータ出力制御レジスタ（COMPOCR）,図11－5コンパレータ出力制御レジスタ（COMPOCR）のフォーマット,2,,
SPDMD,11.3.4 コンパレータ出力制御レジスタ（COMPOCR）,図11－5コンパレータ出力制御レジスタ（COMPOCR）のフォーマット,2,,
TDR02,6.2.2 タイマ・データ・レジスタmn（TDRmn）,"図6－7タイマ・データ・レジスタmn（TDRmn）（n＝0,2,4-7）のフォーマット",,,
TDR03,6.2.2 タイマ・データ・レジスタmn（TDRmn）,"図6－8タイマ・データ・レジスタmn（TDRmn）（n＝1,3）のフォーマット",,,
TDR03L,6.2.2 タイマ・データ・レジスタmn（TDRmn）,"図6－8タイマ・データ・レジスタmn（TDRmn）（n＝1,3）のフォーマット",,,
TDR03H,6.2.2 タイマ・データ・レジスタmn（TDRmn）,"図6－8タイマ・データ・レジスタmn（TDRmn）（n＝1,3）のフォーマット",,,
TDR04,6.2.2 タイマ・データ・レジスタmn（TDRmn）,"図6－7タイマ・データ・レジスタmn（TDRmn）（n＝0,2,4-7）のフォーマット",,,
TDR05,6.2.2 タイマ・データ・レジスタmn（TDRmn）,"図6－7タイマ・データ・レジスタmn（TDRmn）（n＝0,2,4-7）のフォーマット",,,
TDR06,6.2.2 タイマ・データ・レジスタmn（TDRmn）,"図6－7タイマ・データ・レジスタmn（TDRmn）（n＝0,2,4-7）のフォーマット",,,
TDR07,6.2.2 タイマ・データ・レジスタmn（TDRmn）,"図6－7タイマ・データ・レジスタmn（TDRmn）（n＝0,2,4-7）のフォーマット",,,
ITMC,7.3.3 インターバル・タイマ・コントロール・レジスタ（ITMC）,図7－4インターバル・タイマ・コントロール・レジスタ（ITMC）のフォーマット,,,
CMC,5.3.1 クロック動作モード制御レジスタ（CMC）,図5－2クロック動作モード制御レジスタ（CMC）のフォーマット,,,
CSC,5.3.3 クロック動作ステータス制御レジスタ（CSC）,図5－4クロック動作ステータス制御レジスタ（CSC）のフォーマット,,,
HIOSTOP,5.3.3 クロック動作ステータス制御レジスタ（CSC）,図5－4クロック動作ステータス制御レジスタ（CSC）のフォーマット,2,,
MSTOP,5.3.3 クロック動作ステータス制御レジスタ（CSC）,図5－4クロック動作ステータス制御レジスタ（CSC）のフォーマット,2,,
OSTC,5.3.4 発振安定時間カウンタ状態レジスタ（OSTC）,図5－5発振安定時間カウンタ状態レジスタ（OSTC）のフォーマット,,,
OSTS,5.3.5 発振安定時間選択レジスタ（OSTS）,図5－6発振安定時間選択レジスタ（OSTS）のフォーマット,,,
CKC,5.3.2 システム・クロック制御レジスタ（CKC）,図5－3システム・クロック制御レジスタ（CKC）のフォーマット,,,
MCM0,5.3.2 システム・クロック制御レジスタ（CKC）,図5－3システム・クロック制御レジスタ（CKC）のフォーマット,2,,
MCS,5.3.2 システム・クロック制御レジスタ（CKC）,図5－3システム・クロック制御レジスタ（CKC）のフォーマット,2,,
CKS0,8.3.1 クロック出力選択レジスタ0（CKS0）,図8－2クロック出力選択レジスタ0（CKS0）のフォーマット,,,
PCLOE0,8.3.1 クロック出力選択レジスタ0（CKS0）,図8－2クロック出力選択レジスタ0（CKS0）のフォーマット,2,,
RESF,16.3.1 リセット・コントロール・フラグ・レジスタ（RESF）,図16－4リセット・コントロール・フラグ・レジスタ（RESF）のフォーマット,,,
WDTE,9.3.1 ウォッチドッグ・タイマ・イネーブル・レジスタ（WDTE）,図9－2ウォッチドッグ・タイマ・イネーブル・レジスタ（WDTE）のフォーマット,,,
IF0,"14.3.1 割り込み要求フラグ・レジスタ（IF0L, IF0H, IF1L, IF1H）","図14－2割り込み要求フラグ・レジスタ（IF0L,IF0H,IF1L,IF1H）のフォーマット",,,
WDTIIF,"14.3.1 割り込み要求フラグ・レジスタ（IF0L, IF0H, IF1L, IF1H）","図14－2割り込み要求フラグ・レジスタ（IF0L,IF0H,IF1L,IF1H）のフォーマット",1,,XXIFX
PIF0,"14.3.1 割り込み要求フラグ・レジスタ（IF0L, IF0H, IF1L, IF1H）","図14－2割り込み要求フラグ・レジスタ（IF0L,IF0H,IF1L,IF1H）のフォーマット",1,,XXIFX
PIF1,"14.3.1 割り込み要求フラグ・レジスタ（IF0L, IF0H, IF1L, IF1H）","図14－2割り込み要求フラグ・レジスタ（IF0L,IF0H,IF1L,IF1H）のフォーマット",1,,XXIFX
PIF2,"14.3.1 割り込み要求フラグ・レジスタ（IF0L, IF0H, IF1L, IF1H）","図14－2割り込み要求フラグ・レジスタ（IF0L,IF0H,IF1L,IF1H）のフォーマット",1,,XXIFX
PIF3,"14.3.1 割り込み要求フラグ・レジスタ（IF0L, IF0H, IF1L, IF1H）","図14－2割り込み要求フラグ・レジスタ（IF0L,IF0H,IF1L,IF1H）のフォーマット",1,,XXIFX
PIF4,"14.3.1 割り込み要求フラグ・レジスタ（IF0L, IF0H, IF1L, IF1H）","図14－2割り込み要求フラグ・レジスタ（IF0L,IF0H,IF1L,IF1H）のフォーマット",1,,XXIFX
PIF5,"14.3.1 割り込み要求フラグ・レジスタ（IF0L, IF0H, IF1L, IF1H）","図14－2割り込み要求フラグ・レジスタ（IF0L,IF0H,IF1L,IF1H）のフォーマット",1,,XXIFX
STIF0,"14.3.1 割り込み要求フラグ・レジスタ（IF0L, IF0H, IF1L, IF1H）","図14－2割り込み要求フラグ・レジスタ（IF0L,IF0H,IF1L,IF1H）のフォーマット",1,,XXIFX
CSIIF00,"14.3.1 割り込み要求フラグ・レジスタ（IF0L, IF0H, IF1L, IF1H）","図14－2割り込み要求フラグ・レジスタ（IF0L,IF0H,IF1L,IF1H）のフォーマット",1,,XXIFX
IICIF00,"14.3.1 割り込み要求フラグ・レジスタ（IF0L, IF0H, IF1L, IF1H）","図14－2割り込み要求フラグ・レジスタ（IF0L,IF0H,IF1L,IF1H）のフォーマット",1,,XXIFX
IF0L,"14.3.1 割り込み要求フラグ・レジスタ（IF0L, IF0H, IF1L, IF1H）","図14－2割り込み要求フラグ・レジスタ（IF0L,IF0H,IF1L,IF1H）のフォーマット",,,
IF0H,"14.3.1 割り込み要求フラグ・レジスタ（IF0L, IF0H, IF1L, IF1H）","図14－2割り込み要求フラグ・レジスタ（IF0L,IF0H,IF1L,IF1H）のフォーマット",,,
SRIF0,"14.3.1 割り込み要求フラグ・レジスタ（IF0L, IF0H, IF1L, IF1H）","図14－2割り込み要求フラグ・レジスタ（IF0L,IF0H,IF1L,IF1H）のフォーマット",1,,XXIFX
CSIIF01,"14.3.1 割り込み要求フラグ・レジスタ（IF0L, IF0H, IF1L, IF1H）","図14－2割り込み要求フラグ・レジスタ（IF0L,IF0H,IF1L,IF1H）のフォーマット",1,,XXIFX
IICIF01,"14.3.1 割り込み要求フラグ・レジスタ（IF0L, IF0H, IF1L, IF1H）","図14－2割り込み要求フラグ・レジスタ（IF0L,IF0H,IF1L,IF1H）のフォーマット",1,,XXIFX
SREIF0,"14.3.1 割り込み要求フラグ・レジスタ（IF0L, IF0H, IF1L, IF1H）","図14－2割り込み要求フラグ・レジスタ（IF0L,IF0H,IF1L,IF1H）のフォーマット",1,,XXIFX
TMIF01H,"14.3.1 割り込み要求フラグ・レジスタ（IF0L, IF0H, IF1L, IF1H）","図14－2割り込み要求フラグ・レジスタ（IF0L,IF0H,IF1L,IF1H）のフォーマット",1,,XXIFX
TMIF00,"14.3.1 割り込み要求フラグ・レジスタ（IF0L, IF0H, IF1L, IF1H）","図14－2割り込み要求フラグ・レジスタ（IF0L,IF0H,IF1L,IF1H）のフォーマット",1,,XXIFX
TMIF01,"14.3.1 割り込み要求フラグ・レジスタ（IF0L, IF0H, IF1L, IF1H）","図14－2割り込み要求フラグ・レジスタ（IF0L,IF0H,IF1L,IF1H）のフォーマット",1,,XXIFX
ADIF,"14.3.1 割り込み要求フラグ・レジスタ（IF0L, IF0H, IF1L, IF1H）","図14－2割り込み要求フラグ・レジスタ（IF0L,IF0H,IF1L,IF1H）のフォーマット",1,,XXIFX
PIF6,"14.3.1 割り込み要求フラグ・レジスタ（IF0L, IF0H, IF1L, IF1H）","図14－2割り込み要求フラグ・レジスタ（IF0L,IF0H,IF1L,IF1H）のフォーマット",1,,XXIFX
PIF7,"14.3.1 割り込み要求フラグ・レジスタ（IF0L, IF0H, IF1L, IF1H）","図14－2割り込み要求フラグ・レジスタ（IF0L,IF0H,IF1L,IF1H）のフォーマット",1,,XXIFX
IF1,"14.3.1 割り込み要求フラグ・レジスタ（IF0L, IF0H, IF1L, IF1H）","図14－2割り込み要求フラグ・レジスタ（IF0L,IF0H,IF1L,IF1H）のフォーマット",,,
TMIF03H,"14.3.1 割り込み要求フラグ・レジスタ（IF0L, IF0H, IF1L, IF1H）","図14－2割り込み要求フラグ・レジスタ（IF0L,IF0H,IF1L,IF1H）のフォーマット",1,,XXIFX
IICAIF0,"14.3.1 割り込み要求フラグ・レジスタ（IF0L, IF0H, IF1L, IF1H）","図14－2割り込み要求フラグ・レジスタ（IF0L,IF0H,IF1L,IF1H）のフォーマット",1,,XXIFX
TMIF02,"14.3.1 割り込み要求フラグ・レジスタ（IF0L, IF0H, IF1L, IF1H）","図14－2割り込み要求フラグ・レジスタ（IF0L,IF0H,IF1L,IF1H）のフォーマット",1,,XXIFX
TMIF03,"14.3.1 割り込み要求フラグ・レジスタ（IF0L, IF0H, IF1L, IF1H）","図14－2割り込み要求フラグ・レジスタ（IF0L,IF0H,IF1L,IF1H）のフォーマット",1,,XXIFX
ITIF,"14.3.1 割り込み要求フラグ・レジスタ（IF0L, IF0H, IF1L, IF1H）","図14－2割り込み要求フラグ・レジスタ（IF0L,IF0H,IF1L,IF1H）のフォーマット",1,,XXIFX
TMIF04,"14.3.1 割り込み要求フラグ・レジスタ（IF0L, IF0H, IF1L, IF1H）","図14－2割り込み要求フラグ・レジスタ（IF0L,IF0H,IF1L,IF1H）のフォーマット",1,,XXIFX
TMIF05,"14.3.1 割り込み要求フラグ・レジスタ（IF0L, IF0H, IF1L, IF1H）","図14－2割り込み要求フラグ・レジスタ（IF0L,IF0H,IF1L,IF1H）のフォーマット",1,,XXIFX
TMIF06,"14.3.1 割り込み要求フラグ・レジスタ（IF0L, IF0H, IF1L, IF1H）","図14－2割り込み要求フラグ・レジスタ（IF0L,IF0H,IF1L,IF1H）のフォーマット",1,,XXIFX
IF1L,"14.3.1 割り込み要求フラグ・レジスタ（IF0L, IF0H, IF1L, IF1H）","図14－2割り込み要求フラグ・レジスタ（IF0L,IF0H,IF1L,IF1H）のフォーマット",,,
IF1H,"14.3.1 割り込み要求フラグ・レジスタ（IF0L, IF0H, IF1L, IF1H）","図14－2割り込み要求フラグ・レジスタ（IF0L,IF0H,IF1L,IF1H）のフォーマット",,,
TMIF07,"14.3.1 割り込み要求フラグ・レジスタ（IF0L, IF0H, IF1L, IF1H）","図14－2割り込み要求フラグ・レジスタ（IF0L,IF0H,IF1L,IF1H）のフォーマット",1,,XXIFX
CMPIF0,"14.3.1 割り込み要求フラグ・レジスタ（IF0L, IF0H, IF1L, IF1H）","図14－2割り込み要求フラグ・レジスタ（IF0L,IF0H,IF1L,IF1H）のフォーマット",1,,XXIFX
CMPIF1,"14.3.1 割り込み要求フラグ・レジスタ（IF0L, IF0H, IF1L, IF1H）","図14－2割り込み要求フラグ・レジスタ（IF0L,IF0H,IF1L,IF1H）のフォーマット",1,,XXIFX
MK0,"14.3.2 割り込みマスク・フラグ・レジスタ（MK0L, MK0H, MK1L, MK1H）","図14－3割り込みマスク・フラグ・レジスタ（MK0L,MK0H,MK1L,MK1H）のフォーマット",,,
WDTIMK,"14.3.2 割り込みマスク・フラグ・レジスタ（MK0L, MK0H, MK1L, MK1H）","図14－3割り込みマスク・フラグ・レジスタ（MK0L,MK0H,MK1L,MK1H）のフォーマット",1,,XXMKX
PMK0,"14.3.2 割り込みマスク・フラグ・レジスタ（MK0L, MK0H, MK1L, MK1H）","図14－3割り込みマスク・フラグ・レジスタ（MK0L,MK0H,MK1L,MK1H）のフォーマット",1,,XXMKX
PMK1,"14.3.2 割り込みマスク・フラグ・レジスタ（MK0L, MK0H, MK1L, MK1H）","図14－3割り込みマスク・フラグ・レジスタ（MK0L,MK0H,MK1L,MK1H）のフォーマット",1,,XXMKX
PMK2,"14.3.2 割り込みマスク・フラグ・レジスタ（MK0L, MK0H, MK1L, MK1H）","図14－3割り込みマスク・フラグ・レジスタ（MK0L,MK0H,MK1L,MK1H）のフォーマット",1,,XXMKX
PMK3,"14.3.2 割り込みマスク・フラグ・レジスタ（MK0L, MK0H, MK1L, MK1H）","図14－3割り込みマスク・フラグ・レジスタ（MK0L,MK0H,MK1L,MK1H）のフォーマット",1,,XXMKX
PMK4,"14.3.2 割り込みマスク・フラグ・レジスタ（MK0L, MK0H, MK1L, MK1H）","図14－3割り込みマスク・フラグ・レジスタ（MK0L,MK0H,MK1L,MK1H）のフォーマット",1,,XXMKX
PMK5,"14.3.2 割り込みマスク・フラグ・レジスタ（MK0L, MK0H, MK1L, MK1H）","図14－3割り込みマスク・フラグ・レジスタ（MK0L,MK0H,MK1L,MK1H）のフォーマット",1,,XXMKX
STMK0,"14.3.2 割り込みマスク・フラグ・レジスタ（MK0L, MK0H, MK1L, MK1H）","図14－3割り込みマスク・フラグ・レジスタ（MK0L,MK0H,MK1L,MK1H）のフォーマット",1,,XXMKX
CSIMK00,"14.3.2 割り込みマスク・フラグ・レジスタ（MK0L, MK0H, MK1L, MK1H）","図14－3割り込みマスク・フラグ・レジスタ（MK0L,MK0H,MK1L,MK1H）のフォーマット",1,,XXMKX
IICMK00,"14.3.2 割り込みマスク・フラグ・レジスタ（MK0L, MK0H, MK1L, MK1H）","図14－3割り込みマスク・フラグ・レジスタ（MK0L,MK0H,MK1L,MK1H）のフォーマット",1,,XXMKX
MK0L,"14.3.2 割り込みマスク・フラグ・レジスタ（MK0L, MK0H, MK1L, MK1H）","図14－3割り込みマスク・フラグ・レジスタ（MK0L,MK0H,MK1L,MK1H）のフォーマット",,,
MK0H,"14.3.2 割り込みマスク・フラグ・レジスタ（MK0L, MK0H, MK1L, MK1H）","図14－3割り込みマスク・フラグ・レジスタ（MK0L,MK0H,MK1L,MK1H）のフォーマット",,,
SRMK0,"14.3.2 割り込みマスク・フラグ・レジスタ（MK0L, MK0H, MK1L, MK1H）","図14－3割り込みマスク・フラグ・レジスタ（MK0L,MK0H,MK1L,MK1H）のフォーマット",1,,XXMKX
CSIMK01,"14.3.2 割り込みマスク・フラグ・レジスタ（MK0L, MK0H, MK1L, MK1H）","図14－3割り込みマスク・フラグ・レジスタ（MK0L,MK0H,MK1L,MK1H）のフォーマット",1,,XXMKX
IICMK01,"14.3.2 割り込みマスク・フラグ・レジスタ（MK0L, MK0H, MK1L, MK1H）","図14－3割り込みマスク・フラグ・レジスタ（MK0L,MK0H,MK1L,MK1H）のフォーマット",1,,XXMKX
SREMK0,"14.3.2 割り込みマスク・フラグ・レジスタ（MK0L, MK0H, MK1L, MK1H）","図14－3割り込みマスク・フラグ・レジスタ（MK0L,MK0H,MK1L,MK1H）のフォーマット",1,,XXMKX
TMMK01H,"14.3.2 割り込みマスク・フラグ・レジスタ（MK0L, MK0H, MK1L, MK1H）","図14－3割り込みマスク・フラグ・レジスタ（MK0L,MK0H,MK1L,MK1H）のフォーマット",1,,XXMKX
TMMK00,"14.3.2 割り込みマスク・フラグ・レジスタ（MK0L, MK0H, MK1L, MK1H）","図14－3割り込みマスク・フラグ・レジスタ（MK0L,MK0H,MK1L,MK1H）のフォーマット",1,,XXMKX
TMMK01,"14.3.2 割り込みマスク・フラグ・レジスタ（MK0L, MK0H, MK1L, MK1H）","図14－3割り込みマスク・フラグ・レジスタ（MK0L,MK0H,MK1L,MK1H）のフォーマット",1,,XXMKX
ADMK,"14.3.2 割り込みマスク・フラグ・レジスタ（MK0L, MK0H, MK1L, MK1H）","図14－3割り込みマスク・フラグ・レジスタ（MK0L,MK0H,MK1L,MK1H）のフォーマット",1,,XXMKX
PMK6,"14.3.2 割り込みマスク・フラグ・レジスタ（MK0L, MK0H, MK1L, MK1H）","図14－3割り込みマスク・フラグ・レジスタ（MK0L,MK0H,MK1L,MK1H）のフォーマット",1,,XXMKX
PMK7,"14.3.2 割り込みマスク・フラグ・レジスタ（MK0L, MK0H, MK1L, MK1H）","図14－3割り込みマスク・フラグ・レジスタ（MK0L,MK0H,MK1L,MK1H）のフォーマット",1,,XXMKX
MK1,"14.3.2 割り込みマスク・フラグ・レジスタ（MK0L, MK0H, MK1L, MK1H）","図14－3割り込みマスク・フラグ・レジスタ（MK0L,MK0H,MK1L,MK1H）のフォーマット",,,
TMMK03H,"14.3.2 割り込みマスク・フラグ・レジスタ（MK0L, MK0H, MK1L, MK1H）","図14－3割り込みマスク・フラグ・レジスタ（MK0L,MK0H,MK1L,MK1H）のフォーマット",1,,XXMKX
IICAMK0,"14.3.2 割り込みマスク・フラグ・レジスタ（MK0L, MK0H, MK1L, MK1H）","図14－3割り込みマスク・フラグ・レジスタ（MK0L,MK0H,MK1L,MK1H）のフォーマット",1,,XXMKX
TMMK02,"14.3.2 割り込みマスク・フラグ・レジスタ（MK0L, MK0H, MK1L, MK1H）","図14－3割り込みマスク・フラグ・レジスタ（MK0L,MK0H,MK1L,MK1H）のフォーマット",1,,XXMKX
TMMK03,"14.3.2 割り込みマスク・フラグ・レジスタ（MK0L, MK0H, MK1L, MK1H）","図14－3割り込みマスク・フラグ・レジスタ（MK0L,MK0H,MK1L,MK1H）のフォーマット",1,,XXMKX
ITMK,"14.3.2 割り込みマスク・フラグ・レジスタ（MK0L, MK0H, MK1L, MK1H）","図14－3割り込みマスク・フラグ・レジスタ（MK0L,MK0H,MK1L,MK1H）のフォーマット",1,,XXMKX
TMMK04,"14.3.2 割り込みマスク・フラグ・レジスタ（MK0L, MK0H, MK1L, MK1H）","図14－3割り込みマスク・フラグ・レジスタ（MK0L,MK0H,MK1L,MK1H）のフォーマット",1,,XXMKX
TMMK05,"14.3.2 割り込みマスク・フラグ・レジスタ（MK0L, MK0H, MK1L, MK1H）","図14－3割り込みマスク・フラグ・レジスタ（MK0L,MK0H,MK1L,MK1H）のフォーマット",1,,XXMKX
TMMK06,"14.3.2 割り込みマスク・フラグ・レジスタ（MK0L, MK0H, MK1L, MK1H）","図14－3割り込みマスク・フラグ・レジスタ（MK0L,MK0H,MK1L,MK1H）のフォーマット",1,,XXMKX
MK1L,"14.3.2 割り込みマスク・フラグ・レジスタ（MK0L, MK0H, MK1L, MK1H）","図14－3割り込みマスク・フラグ・レジスタ（MK0L,MK0H,MK1L,MK1H）のフォーマット",,,
MK1H,"14.3.2 割り込みマスク・フラグ・レジスタ（MK0L, MK0H, MK1L, MK1H）","図14－3割り込みマスク・フラグ・レジスタ（MK0L,MK0H,MK1L,MK1H）のフォーマット",,,
TMMK07,"14.3.2 割り込みマスク・フラグ・レジスタ（MK0L, MK0H, MK1L, MK1H）","図14－3割り込みマスク・フラグ・レジスタ（MK0L,MK0H,MK1L,MK1H）のフォーマット",1,,XXMKX
CMPMK0,"14.3.2 割り込みマスク・フラグ・レジスタ（MK0L, MK0H, MK1L, MK1H）","図14－3割り込みマスク・フラグ・レジスタ（MK0L,MK0H,MK1L,MK1H）のフォーマット",1,,XXMKX
CMPMK1,"14.3.2 割り込みマスク・フラグ・レジスタ（MK0L, MK0H, MK1L, MK1H）","図14－3割り込みマスク・フラグ・レジスタ（MK0L,MK0H,MK1L,MK1H）のフォーマット",1,,XXMKX
PR00,"14.3.3 優先順位指定フラグ・レジスタ（PR00L, PR00H, PR01L, PR01H, PR10L, PR10H, PR11L, PR11H）","図14－4優先順位指定フラグ・レジスタ（PR00L,PR00H,PR01L,PR01H,PR10L,PR10H,PR11L,PR11H）のフォーマット",,,
WDTIPR0,"14.3.3 優先順位指定フラグ・レジスタ（PR00L, PR00H, PR01L, PR01H, PR10L, PR10H, PR11L, PR11H）","図14－4優先順位指定フラグ・レジスタ（PR00L,PR00H,PR01L,PR01H,PR10L,PR10H,PR11L,PR11H）のフォーマット",1,,XXPR1X
PPR00,"14.3.3 優先順位指定フラグ・レジスタ（PR00L, PR00H, PR01L, PR01H, PR10L, PR10H, PR11L, PR11H）","図14－4優先順位指定フラグ・レジスタ（PR00L,PR00H,PR01L,PR01H,PR10L,PR10H,PR11L,PR11H）のフォーマット",1,,XXPR1X
PPR01,"14.3.3 優先順位指定フラグ・レジスタ（PR00L, PR00H, PR01L, PR01H, PR10L, PR10H, PR11L, PR11H）","図14－4優先順位指定フラグ・レジスタ（PR00L,PR00H,PR01L,PR01H,PR10L,PR10H,PR11L,PR11H）のフォーマット",1,,XXPR1X
PPR02,"14.3.3 優先順位指定フラグ・レジスタ（PR00L, PR00H, PR01L, PR01H, PR10L, PR10H, PR11L, PR11H）","図14－4優先順位指定フラグ・レジスタ（PR00L,PR00H,PR01L,PR01H,PR10L,PR10H,PR11L,PR11H）のフォーマット",1,,XXPR1X
PPR03,"14.3.3 優先順位指定フラグ・レジスタ（PR00L, PR00H, PR01L, PR01H, PR10L, PR10H, PR11L, PR11H）","図14－4優先順位指定フラグ・レジスタ（PR00L,PR00H,PR01L,PR01H,PR10L,PR10H,PR11L,PR11H）のフォーマット",1,,XXPR1X
PPR04,"14.3.3 優先順位指定フラグ・レジスタ（PR00L, PR00H, PR01L, PR01H, PR10L, PR10H, PR11L, PR11H）","図14－4優先順位指定フラグ・レジスタ（PR00L,PR00H,PR01L,PR01H,PR10L,PR10H,PR11L,PR11H）のフォーマット",1,,XXPR1X
PPR05,"14.3.3 優先順位指定フラグ・レジスタ（PR00L, PR00H, PR01L, PR01H, PR10L, PR10H, PR11L, PR11H）","図14－4優先順位指定フラグ・レジスタ（PR00L,PR00H,PR01L,PR01H,PR10L,PR10H,PR11L,PR11H）のフォーマット",1,,XXPR1X
STPR00,"14.3.3 優先順位指定フラグ・レジスタ（PR00L, PR00H, PR01L, PR01H, PR10L, PR10H, PR11L, PR11H）","図14－4優先順位指定フラグ・レジスタ（PR00L,PR00H,PR01L,PR01H,PR10L,PR10H,PR11L,PR11H）のフォーマット",1,,XXPR1X
CSIPR000,"14.3.3 優先順位指定フラグ・レジスタ（PR00L, PR00H, PR01L, PR01H, PR10L, PR10H, PR11L, PR11H）","図14－4優先順位指定フラグ・レジスタ（PR00L,PR00H,PR01L,PR01H,PR10L,PR10H,PR11L,PR11H）のフォーマット",1,,XXPR1X
IICPR000,"14.3.3 優先順位指定フラグ・レジスタ（PR00L, PR00H, PR01L, PR01H, PR10L, PR10H, PR11L, PR11H）","図14－4優先順位指定フラグ・レジスタ（PR00L,PR00H,PR01L,PR01H,PR10L,PR10H,PR11L,PR11H）のフォーマット",1,,XXPR1X
PR00L,"14.3.3 優先順位指定フラグ・レジスタ（PR00L, PR00H, PR01L, PR01H, PR10L, PR10H, PR11L, PR11H）","図14－4優先順位指定フラグ・レジスタ（PR00L,PR00H,PR01L,PR01H,PR10L,PR10H,PR11L,PR11H）のフォーマット",,,
PR00H,"14.3.3 優先順位指定フラグ・レジスタ（PR00L, PR00H, PR01L, PR01H, PR10L, PR10H, PR11L, PR11H）","図14－4優先順位指定フラグ・レジスタ（PR00L,PR00H,PR01L,PR01H,PR10L,PR10H,PR11L,PR11H）のフォーマット",,,
SRPR00,"14.3.3 優先順位指定フラグ・レジスタ（PR00L, PR00H, PR01L, PR01H, PR10L, PR10H, PR11L, PR11H）","図14－4優先順位指定フラグ・レジスタ（PR00L,PR00H,PR01L,PR01H,PR10L,PR10H,PR11L,PR11H）のフォーマット",1,,XXPR1X
CSIPR001,"14.3.3 優先順位指定フラグ・レジスタ（PR00L, PR00H, PR01L, PR01H, PR10L, PR10H, PR11L, PR11H）","図14－4優先順位指定フラグ・レジスタ（PR00L,PR00H,PR01L,PR01H,PR10L,PR10H,PR11L,PR11H）のフォーマット",1,,XXPR1X
IICPR001,"14.3.3 優先順位指定フラグ・レジスタ（PR00L, PR00H, PR01L, PR01H, PR10L, PR10H, PR11L, PR11H）","図14－4優先順位指定フラグ・レジスタ（PR00L,PR00H,PR01L,PR01H,PR10L,PR10H,PR11L,PR11H）のフォーマット",1,,XXPR1X
SREPR00,"14.3.3 優先順位指定フラグ・レジスタ（PR00L, PR00H, PR01L, PR01H, PR10L, PR10H, PR11L, PR11H）","図14－4優先順位指定フラグ・レジスタ（PR00L,PR00H,PR01L,PR01H,PR10L,PR10H,PR11L,PR11H）のフォーマット",1,,XXPR1X
TMPR001H,"14.3.3 優先順位指定フラグ・レジスタ（PR00L, PR00H, PR01L, PR01H, PR10L, PR10H, PR11L, PR11H）","図14－4優先順位指定フラグ・レジスタ（PR00L,PR00H,PR01L,PR01H,PR10L,PR10H,PR11L,PR11H）のフォーマット",1,,XXPR1X
TMPR000,"14.3.3 優先順位指定フラグ・レジスタ（PR00L, PR00H, PR01L, PR01H, PR10L, PR10H, PR11L, PR11H）","図14－4優先順位指定フラグ・レジスタ（PR00L,PR00H,PR01L,PR01H,PR10L,PR10H,PR11L,PR11H）のフォーマット",1,,XXPR1X
TMPR001,"14.3.3 優先順位指定フラグ・レジスタ（PR00L, PR00H, PR01L, PR01H, PR10L, PR10H, PR11L, PR11H）","図14－4優先順位指定フラグ・レジスタ（PR00L,PR00H,PR01L,PR01H,PR10L,PR10H,PR11L,PR11H）のフォーマット",1,,XXPR1X
ADPR0,"14.3.3 優先順位指定フラグ・レジスタ（PR00L, PR00H, PR01L, PR01H, PR10L, PR10H, PR11L, PR11H）","図14－4優先順位指定フラグ・レジスタ（PR00L,PR00H,PR01L,PR01H,PR10L,PR10H,PR11L,PR11H）のフォーマット",1,,XXPR1X
PPR06,"14.3.3 優先順位指定フラグ・レジスタ（PR00L, PR00H, PR01L, PR01H, PR10L, PR10H, PR11L, PR11H）","図14－4優先順位指定フラグ・レジスタ（PR00L,PR00H,PR01L,PR01H,PR10L,PR10H,PR11L,PR11H）のフォーマット",1,,XXPR1X
PPR07,"14.3.3 優先順位指定フラグ・レジスタ（PR00L, PR00H, PR01L, PR01H, PR10L, PR10H, PR11L, PR11H）","図14－4優先順位指定フラグ・レジスタ（PR00L,PR00H,PR01L,PR01H,PR10L,PR10H,PR11L,PR11H）のフォーマット",1,,XXPR1X
PR01,"14.3.3 優先順位指定フラグ・レジスタ（PR00L, PR00H, PR01L, PR01H, PR10L, PR10H, PR11L, PR11H）","図14－4優先順位指定フラグ・レジスタ（PR00L,PR00H,PR01L,PR01H,PR10L,PR10H,PR11L,PR11H）のフォーマット",,,
TMPR003H,"14.3.3 優先順位指定フラグ・レジスタ（PR00L, PR00H, PR01L, PR01H, PR10L, PR10H, PR11L, PR11H）","図14－4優先順位指定フラグ・レジスタ（PR00L,PR00H,PR01L,PR01H,PR10L,PR10H,PR11L,PR11H）のフォーマット",1,,XXPR1X
IICAPR00,"14.3.3 優先順位指定フラグ・レジスタ（PR00L, PR00H, PR01L, PR01H, PR10L, PR10H, PR11L, PR11H）","図14－4優先順位指定フラグ・レジスタ（PR00L,PR00H,PR01L,PR01H,PR10L,PR10H,PR11L,PR11H）のフォーマット",1,,XXPR1X
TMPR002,"14.3.3 優先順位指定フラグ・レジスタ（PR00L, PR00H, PR01L, PR01H, PR10L, PR10H, PR11L, PR11H）","図14－4優先順位指定フラグ・レジスタ（PR00L,PR00H,PR01L,PR01H,PR10L,PR10H,PR11L,PR11H）のフォーマット",1,,XXPR1X
TMPR003,"14.3.3 優先順位指定フラグ・レジスタ（PR00L, PR00H, PR01L, PR01H, PR10L, PR10H, PR11L, PR11H）","図14－4優先順位指定フラグ・レジスタ（PR00L,PR00H,PR01L,PR01H,PR10L,PR10H,PR11L,PR11H）のフォーマット",1,,XXPR1X
ITPR0,"14.3.3 優先順位指定フラグ・レジスタ（PR00L, PR00H, PR01L, PR01H, PR10L, PR10H, PR11L, PR11H）","図14－4優先順位指定フラグ・レジスタ（PR00L,PR00H,PR01L,PR01H,PR10L,PR10H,PR11L,PR11H）のフォーマット",1,,XXPR1X
TMPR004,"14.3.3 優先順位指定フラグ・レジスタ（PR00L, PR00H, PR01L, PR01H, PR10L, PR10H, PR11L, PR11H）","図14－4優先順位指定フラグ・レジスタ（PR00L,PR00H,PR01L,PR01H,PR10L,PR10H,PR11L,PR11H）のフォーマット",1,,XXPR1X
TMPR005,"14.3.3 優先順位指定フラグ・レジスタ（PR00L, PR00H, PR01L, PR01H, PR10L, PR10H, PR11L, PR11H）","図14－4優先順位指定フラグ・レジスタ（PR00L,PR00H,PR01L,PR01H,PR10L,PR10H,PR11L,PR11H）のフォーマット",1,,XXPR1X
TMPR006,"14.3.3 優先順位指定フラグ・レジスタ（PR00L, PR00H, PR01L, PR01H, PR10L, PR10H, PR11L, PR11H）","図14－4優先順位指定フラグ・レジスタ（PR00L,PR00H,PR01L,PR01H,PR10L,PR10H,PR11L,PR11H）のフォーマット",1,,XXPR1X
PR01L,"14.3.3 優先順位指定フラグ・レジスタ（PR00L, PR00H, PR01L, PR01H, PR10L, PR10H, PR11L, PR11H）","図14－4優先順位指定フラグ・レジスタ（PR00L,PR00H,PR01L,PR01H,PR10L,PR10H,PR11L,PR11H）のフォーマット",,,
PR01H,"14.3.3 優先順位指定フラグ・レジスタ（PR00L, PR00H, PR01L, PR01H, PR10L, PR10H, PR11L, PR11H）","図14－4優先順位指定フラグ・レジスタ（PR00L,PR00H,PR01L,PR01H,PR10L,PR10H,PR11L,PR11H）のフォーマット",,,
TMPR007,"14.3.3 優先順位指定フラグ・レジスタ（PR00L, PR00H, PR01L, PR01H, PR10L, PR10H, PR11L, PR11H）","図14－4優先順位指定フラグ・レジスタ（PR00L,PR00H,PR01L,PR01H,PR10L,PR10H,PR11L,PR11H）のフォーマット",1,,XXPR1X
CMPPR00,"14.3.3 優先順位指定フラグ・レジスタ（PR00L, PR00H, PR01L, PR01H, PR10L, PR10H, PR11L, PR11H）","図14－4優先順位指定フラグ・レジスタ（PR00L,PR00H,PR01L,PR01H,PR10L,PR10H,PR11L,PR11H）のフォーマット",1,,XXPR1X
CMPPR01,"14.3.3 優先順位指定フラグ・レジスタ（PR00L, PR00H, PR01L, PR01H, PR10L, PR10H, PR11L, PR11H）","図14－4優先順位指定フラグ・レジスタ（PR00L,PR00H,PR01L,PR01H,PR10L,PR10H,PR11L,PR11H）のフォーマット",1,,XXPR1X
PR10,"14.3.3 優先順位指定フラグ・レジスタ（PR00L, PR00H, PR01L, PR01H, PR10L, PR10H, PR11L, PR11H）","図14－4優先順位指定フラグ・レジスタ（PR00L,PR00H,PR01L,PR01H,PR10L,PR10H,PR11L,PR11H）のフォーマット",,,
WDTIPR1,"14.3.3 優先順位指定フラグ・レジスタ（PR00L, PR00H, PR01L, PR01H, PR10L, PR10H, PR11L, PR11H）","図14－4優先順位指定フラグ・レジスタ（PR00L,PR00H,PR01L,PR01H,PR10L,PR10H,PR11L,PR11H）のフォーマット",1,,XXPR1X
PPR10,"14.3.3 優先順位指定フラグ・レジスタ（PR00L, PR00H, PR01L, PR01H, PR10L, PR10H, PR11L, PR11H）","図14－4優先順位指定フラグ・レジスタ（PR00L,PR00H,PR01L,PR01H,PR10L,PR10H,PR11L,PR11H）のフォーマット",1,,XXPR1X
PPR11,"14.3.3 優先順位指定フラグ・レジスタ（PR00L, PR00H, PR01L, PR01H, PR10L, PR10H, PR11L, PR11H）","図14－4優先順位指定フラグ・レジスタ（PR00L,PR00H,PR01L,PR01H,PR10L,PR10H,PR11L,PR11H）のフォーマット",1,,XXPR1X
PPR12,"14.3.3 優先順位指定フラグ・レジスタ（PR00L, PR00H, PR01L, PR01H, PR10L, PR10H, PR11L, PR11H）","図14－4優先順位指定フラグ・レジスタ（PR00L,PR00H,PR01L,PR01H,PR10L,PR10H,PR11L,PR11H）のフォーマット",1,,XXPR1X
PPR13,"14.3.3 優先順位指定フラグ・レジスタ（PR00L, PR00H, PR01L, PR01H, PR10L, PR10H, PR11L, PR11H）","図14－4優先順位指定フラグ・レジスタ（PR00L,PR00H,PR01L,PR01H,PR10L,PR10H,PR11L,PR11H）のフォーマット",1,,XXPR1X
PPR14,"14.3.3 優先順位指定フラグ・レジスタ（PR00L, PR00H, PR01L, PR01H, PR10L, PR10H, PR11L, PR11H）","図14－4優先順位指定フラグ・レジスタ（PR00L,PR00H,PR01L,PR01H,PR10L,PR10H,PR11L,PR11H）のフォーマット",1,,XXPR1X
PPR15,"14.3.3 優先順位指定フラグ・レジスタ（PR00L, PR00H, PR01L, PR01H, PR10L, PR10H, PR11L, PR11H）","図14－4優先順位指定フラグ・レジスタ（PR00L,PR00H,PR01L,PR01H,PR10L,PR10H,PR11L,PR11H）のフォーマット",1,,XXPR1X
STPR10,"14.3.3 優先順位指定フラグ・レジスタ（PR00L, PR00H, PR01L, PR01H, PR10L, PR10H, PR11L, PR11H）","図14－4優先順位指定フラグ・レジスタ（PR00L,PR00H,PR01L,PR01H,PR10L,PR10H,PR11L,PR11H）のフォーマット",1,,XXPR1X
CSIPR100,"14.3.3 優先順位指定フラグ・レジスタ（PR00L, PR00H, PR01L, PR01H, PR10L, PR10H, PR11L, PR11H）","図14－4優先順位指定フラグ・レジスタ（PR00L,PR00H,PR01L,PR01H,PR10L,PR10H,PR11L,PR11H）のフォーマット",1,,XXPR1X
IICPR100,"14.3.3 優先順位指定フラグ・レジスタ（PR00L, PR00H, PR01L, PR01H, PR10L, PR10H, PR11L, PR11H）","図14－4優先順位指定フラグ・レジスタ（PR00L,PR00H,PR01L,PR01H,PR10L,PR10H,PR11L,PR11H）のフォーマット",1,,XXPR1X
PR10L,"14.3.3 優先順位指定フラグ・レジスタ（PR00L, PR00H, PR01L, PR01H, PR10L, PR10H, PR11L, PR11H）","図14－4優先順位指定フラグ・レジスタ（PR00L,PR00H,PR01L,PR01H,PR10L,PR10H,PR11L,PR11H）のフォーマット",,,
PR10H,"14.3.3 優先順位指定フラグ・レジスタ（PR00L, PR00H, PR01L, PR01H, PR10L, PR10H, PR11L, PR11H）","図14－4優先順位指定フラグ・レジスタ（PR00L,PR00H,PR01L,PR01H,PR10L,PR10H,PR11L,PR11H）のフォーマット",,,
SRPR10,"14.3.3 優先順位指定フラグ・レジスタ（PR00L, PR00H, PR01L, PR01H, PR10L, PR10H, PR11L, PR11H）","図14－4優先順位指定フラグ・レジスタ（PR00L,PR00H,PR01L,PR01H,PR10L,PR10H,PR11L,PR11H）のフォーマット",1,,XXPR1X
CSIPR101,"14.3.3 優先順位指定フラグ・レジスタ（PR00L, PR00H, PR01L, PR01H, PR10L, PR10H, PR11L, PR11H）","図14－4優先順位指定フラグ・レジスタ（PR00L,PR00H,PR01L,PR01H,PR10L,PR10H,PR11L,PR11H）のフォーマット",1,,XXPR1X
IICPR101,"14.3.3 優先順位指定フラグ・レジスタ（PR00L, PR00H, PR01L, PR01H, PR10L, PR10H, PR11L, PR11H）","図14－4優先順位指定フラグ・レジスタ（PR00L,PR00H,PR01L,PR01H,PR10L,PR10H,PR11L,PR11H）のフォーマット",1,,XXPR1X
SREPR10,"14.3.3 優先順位指定フラグ・レジスタ（PR00L, PR00H, PR01L, PR01H, PR10L, PR10H, PR11L, PR11H）","図14－4優先順位指定フラグ・レジスタ（PR00L,PR00H,PR01L,PR01H,PR10L,PR10H,PR11L,PR11H）のフォーマット",1,,XXPR1X
TMPR101H,"14.3.3 優先順位指定フラグ・レジスタ（PR00L, PR00H, PR01L, PR01H, PR10L, PR10H, PR11L, PR11H）","図14－4優先順位指定フラグ・レジスタ（PR00L,PR00H,PR01L,PR01H,PR10L,PR10H,PR11L,PR11H）のフォーマット",1,,XXPR1X
TMPR100,"14.3.3 優先順位指定フラグ・レジスタ（PR00L, PR00H, PR01L, PR01H, PR10L, PR10H, PR11L, PR11H）","図14－4優先順位指定フラグ・レジスタ（PR00L,PR00H,PR01L,PR01H,PR10L,PR10H,PR11L,PR11H）のフォーマット",1,,XXPR1X
TMPR101,"14.3.3 優先順位指定フラグ・レジスタ（PR00L, PR00H, PR01L, PR01H, PR10L, PR10H, PR11L, PR11H）","図14－4優先順位指定フラグ・レジスタ（PR00L,PR00H,PR01L,PR01H,PR10L,PR10H,PR11L,PR11H）のフォーマット",1,,XXPR1X
ADPR1,"14.3.3 優先順位指定フラグ・レジスタ（PR00L, PR00H, PR01L, PR01H, PR10L, PR10H, PR11L, PR11H）","図14－4優先順位指定フラグ・レジスタ（PR00L,PR00H,PR01L,PR01H,PR10L,PR10H,PR11L,PR11H）のフォーマット",1,,XXPR1X
PPR16,"14.3.3 優先順位指定フラグ・レジスタ（PR00L, PR00H, PR01L, PR01H, PR10L, PR10H, PR11L, PR11H）","図14－4優先順位指定フラグ・レジスタ（PR00L,PR00H,PR01L,PR01H,PR10L,PR10H,PR11L,PR11H）のフォーマット",1,,XXPR1X
PPR17,"14.3.3 優先順位指定フラグ・レジスタ（PR00L, PR00H, PR01L, PR01H, PR10L, PR10H, PR11L, PR11H）","図14－4優先順位指定フラグ・レジスタ（PR00L,PR00H,PR01L,PR01H,PR10L,PR10H,PR11L,PR11H）のフォーマット",1,,XXPR1X
PR11,"14.3.3 優先順位指定フラグ・レジスタ（PR00L, PR00H, PR01L, PR01H, PR10L, PR10H, PR11L, PR11H）","図14－4優先順位指定フラグ・レジスタ（PR00L,PR00H,PR01L,PR01H,PR10L,PR10H,PR11L,PR11H）のフォーマット",,,
TMPR103H,"14.3.3 優先順位指定フラグ・レジスタ（PR00L, PR00H, PR01L, PR01H, PR10L, PR10H, PR11L, PR11H）","図14－4優先順位指定フラグ・レジスタ（PR00L,PR00H,PR01L,PR01H,PR10L,PR10H,PR11L,PR11H）のフォーマット",1,,XXPR1X
IICAPR10,"14.3.3 優先順位指定フラグ・レジスタ（PR00L, PR00H, PR01L, PR01H, PR10L, PR10H, PR11L, PR11H）","図14－4優先順位指定フラグ・レジスタ（PR00L,PR00H,PR01L,PR01H,PR10L,PR10H,PR11L,PR11H）のフォーマット",1,,XXPR1X
TMPR102,"14.3.3 優先順位指定フラグ・レジスタ（PR00L, PR00H, PR01L, PR01H, PR10L, PR10H, PR11L, PR11H）","図14－4優先順位指定フラグ・レジスタ（PR00L,PR00H,PR01L,PR01H,PR10L,PR10H,PR11L,PR11H）のフォーマット",1,,XXPR1X
TMPR103,"14.3.3 優先順位指定フラグ・レジスタ（PR00L, PR00H, PR01L, PR01H, PR10L, PR10H, PR11L, PR11H）","図14－4優先順位指定フラグ・レジスタ（PR00L,PR00H,PR01L,PR01H,PR10L,PR10H,PR11L,PR11H）のフォーマット",1,,XXPR1X
ITPR1,"14.3.3 優先順位指定フラグ・レジスタ（PR00L, PR00H, PR01L, PR01H, PR10L, PR10H, PR11L, PR11H）","図14－4優先順位指定フラグ・レジスタ（PR00L,PR00H,PR01L,PR01H,PR10L,PR10H,PR11L,PR11H）のフォーマット",1,,XXPR1X
TMPR104,"14.3.3 優先順位指定フラグ・レジスタ（PR00L, PR00H, PR01L, PR01H, PR10L, PR10H, PR11L, PR11H）","図14－4優先順位指定フラグ・レジスタ（PR00L,PR00H,PR01L,PR01H,PR10L,PR10H,PR11L,PR11H）のフォーマット",1,,XXPR1X
TMPR105,"14.3.3 優先順位指定フラグ・レジスタ（PR00L, PR00H, PR01L, PR01H, PR10L, PR10H, PR11L, PR11H）","図14－4優先順位指定フラグ・レジスタ（PR00L,PR00H,PR01L,PR01H,PR10L,PR10H,PR11L,PR11H）のフォーマット",1,,XXPR1X
TMPR106,"14.3.3 優先順位指定フラグ・レジスタ（PR00L, PR00H, PR01L, PR01H, PR10L, PR10H, PR11L, PR11H）","図14－4優先順位指定フラグ・レジスタ（PR00L,PR00H,PR01L,PR01H,PR10L,PR10H,PR11L,PR11H）のフォーマット",1,,XXPR1X
PR11L,"14.3.3 優先順位指定フラグ・レジスタ（PR00L, PR00H, PR01L, PR01H, PR10L, PR10H, PR11L, PR11H）","図14－4優先順位指定フラグ・レジスタ（PR00L,PR00H,PR01L,PR01H,PR10L,PR10H,PR11L,PR11H）のフォーマット",,,
PR11H,"14.3.3 優先順位指定フラグ・レジスタ（PR00L, PR00H, PR01L, PR01H, PR10L, PR10H, PR11L, PR11H）","図14－4優先順位指定フラグ・レジスタ（PR00L,PR00H,PR01L,PR01H,PR10L,PR10H,PR11L,PR11H）のフォーマット",,,
TMPR107,"14.3.3 優先順位指定フラグ・レジスタ（PR00L, PR00H, PR01L, PR01H, PR10L, PR10H, PR11L, PR11H）","図14－4優先順位指定フラグ・レジスタ（PR00L,PR00H,PR01L,PR01H,PR10L,PR10H,PR11L,PR11H）のフォーマット",1,,XXPR1X
CMPPR10,"14.3.3 優先順位指定フラグ・レジスタ（PR00L, PR00H, PR01L, PR01H, PR10L, PR10H, PR11L, PR11H）","図14－4優先順位指定フラグ・レジスタ（PR00L,PR00H,PR01L,PR01H,PR10L,PR10H,PR11L,PR11H）のフォーマット",1,,XXPR1X
CMPPR11,"14.3.3 優先順位指定フラグ・レジスタ（PR00L, PR00H, PR01L, PR01H, PR10L, PR10H, PR11L, PR11H）","図14－4優先順位指定フラグ・レジスタ（PR00L,PR00H,PR01L,PR01H,PR10L,PR10H,PR11L,PR11H）のフォーマット",1,,XXPR1X
